name;id;parent_id
Корм сухой;korm-sukhoy;tovary-i-korma-dlya-sobak
1st Choice;1st-choice;korm-sukhoy
Acana;acana;korm-sukhoy
Лакомства;lakomstva_1;acana
Взрослые;vzroslye;acana
Пожилые;pozhilye;acana
Щенки;shchenki;acana
Advance;advance_1;korm-sukhoy
Щенки;shchenki_1;advance_1
Взрослые;vzroslye_1;advance_1
Пожилые;pozhilye_1;advance_1
Ajo;ajo_1;korm-sukhoy
All Dogs;all-dogs;korm-sukhoy
Alleva;alleva_1;korm-sukhoy
Almo Nature;almo-nature;korm-sukhoy
Alphapet;alphapet_1;korm-sukhoy
Arden Grange;arden-grange;korm-sukhoy
Щенки;shchenki;arden-grange
Взрослые;vzroslye;arden-grange
Пожилые;pozhilye;arden-grange
Barking Heads;barking-heads;korm-sukhoy
Взрослые;vzroslye;barking-heads
Пожилые;pozhilye;barking-heads
Щенки;shchenki;barking-heads
Belcando;belcando;korm-sukhoy
Взрослые;vzroslye;belcando
Пожилые;pozhilye;belcando
Щенки;shchenki;belcando
Berkley;berkley_1;korm-sukhoy
Best Dinner;best-dinner_2;korm-sukhoy
Bewi Dog;bewi-dog;korm-sukhoy
Blitz;blitz;korm-sukhoy
Bon Appetit;bon-appetit;korm-sukhoy
Bosch;bosch;korm-sukhoy
Взрослые;vzroslye;bosch
Пожилые;pozhilye;bosch
Щенки;shchenki;bosch
Bozita;bozita;korm-sukhoy
Беззерновой;bezzernovoy_1;bozita
Naturals;naturals;bozita
Взрослые;vzroslye;bozita
Щенки;shchenki;bozita
Brit;brit;korm-sukhoy
Взрослые;vzroslye;brit
Пожилые;pozhilye;brit
Щенки;shchenki;brit
Акция Brit;aktsiya-brit;brit
BrooksField;brooksfield_1;korm-sukhoy
Canagan;canagan;korm-sukhoy
Chappi;chappi;korm-sukhoy
Cibau;cibau;korm-sukhoy
Clan;clan_4;korm-sukhoy
Clan Family;clan-family_1;korm-sukhoy
Classic Pets;classic-pets;korm-sukhoy
Country Farms;country-farms;korm-sukhoy
Crave;crave_1;korm-sukhoy
Crockex;crockex;korm-sukhoy
Darling;darling;korm-sukhoy
Dog Chow Purina;dog-chow-purina;korm-sukhoy
Взрослые;vzroslye;dog-chow-purina
Пожилые;pozhilye;dog-chow-purina
Щенки;shchenki;dog-chow-purina
Акция Dog Chow;aktsiya-dog-chow;dog-chow-purina
Dogs Menu;dogs-menu_1;korm-sukhoy
Dr. Alder`s;dr-alder-s;korm-sukhoy
Dr.Clauders;dr-clauders;korm-sukhoy
Ecopet;ecopet;korm-sukhoy
Elato;elato_1;korm-sukhoy
Eukanuba;eukanuba_4;korm-sukhoy
Farmina;farmina;korm-sukhoy
С киноа;s-kinoa_1;farmina
С тыквой;s-tykvoy;farmina
Беззерновой;bezzernovoy;farmina
Низкозерновой;nizkozernovoy;farmina
Fitmin;fitmin_1;korm-sukhoy
Friskies;friskies_2;korm-sukhoy
Fun Dog;fun-dog;korm-sukhoy
Gina;gina;korm-sukhoy
Glance;glance;korm-sukhoy
GO!;go;korm-sukhoy
Golden Eagle;golden-eagle;korm-sukhoy
Взрослые;vzroslye;golden-eagle
Пожилые;pozhilye;golden-eagle
Щенки;shchenki;golden-eagle
Grand Prix;grand-prix;korm-sukhoy
Happy Dog;happy-dog;korm-sukhoy
Natur Croq;natur-croq;happy-dog
Profi-Line;profi-line;happy-dog
Взрослые;vzroslye;happy-dog
Пожилые;pozhilye;happy-dog
Щенки;shchenki;happy-dog
Hills;hills;korm-sukhoy
Взрослые;vzroslye;hills
Пожилые;pozhilye;hills
Щенки;shchenki;hills
Jump;jump;korm-sukhoy
Karmy;karmy_1;korm-sukhoy
Kudo;kudo;korm-sukhoy
Leo&Lucy;leo-lucy_3;korm-sukhoy
Meglium;meglium;korm-sukhoy
Morando;morando_3;korm-sukhoy
Mr.Buffalo;mr-buffalo_1;korm-sukhoy
Natural Greatness;natural-greatness_1;korm-sukhoy
Nature`s Table;nature-s-table_2;korm-sukhoy
Nature’s Protection;nature-s-protection_1;korm-sukhoy
Natyka;natyka;korm-sukhoy
Nero Gold;nero-gold_1;korm-sukhoy
Now;now;korm-sukhoy
Nutram;nutram;korm-sukhoy
Взрослые;vzroslye_2;nutram
Пожилые;pozhilye_2;nutram
Щенки;shchenki_2;nutram
Nutro;nutro_3;korm-sukhoy
Organix;organix_4;korm-sukhoy
Orijen;orijen;korm-sukhoy
Pedigree;pedigree;korm-sukhoy
Denta Sticx;denta-sticx;pedigree
Взрослые;vzroslye;pedigree
Щенки;shchenki;pedigree
Perfect Fit;perfect-fit;korm-sukhoy
Piccolo;piccolo;korm-sukhoy
Primordial;primordial;korm-sukhoy
Pro Pac;pro-pac;korm-sukhoy
Взрослые;vzroslye;pro-pac
Пожилые;pozhilye;pro-pac
Щенки;shchenki;pro-pac
Pro Plan;pro-plan;korm-sukhoy
Взрослые;vzroslye;pro-plan
Пожилые;pozhilye;pro-plan
Щенки;shchenki;pro-plan
ProBalance;probalance_1;korm-sukhoy
Pronature;pronature;korm-sukhoy
Взрослые;vzroslye;pronature
Пожилые;pozhilye;pronature
Холистик;kholistik;pronature
Щенки;shchenki;pronature
Puffins;puffins;korm-sukhoy
Purina One;purina-one_1;korm-sukhoy
Royal Canin;royal-canin;korm-sukhoy
Для взрослых собак;dlya-vzroslykh-sobak;royal-canin
Giant;giant;dlya-vzroslykh-sobak
Maxi;maxi;dlya-vzroslykh-sobak
Medium;medium;dlya-vzroslykh-sobak
Mini;mini;dlya-vzroslykh-sobak
Отдельные породы;otdelnye-porody;dlya-vzroslykh-sobak
Пожилые;pozhilye;royal-canin
Щенки;shchenki;royal-canin
Giant;giant;shchenki
Maxi;maxi;shchenki
Medium;medium;shchenki
Mini;mini;shchenki
Молоко;moloko;shchenki
Отдельные породы;otdelnye-porody;shchenki
Акции Royal Canin;aktsii-royal-canin;royal-canin
Savarra;savarra_1;korm-sukhoy
Schesir;schesir_1;korm-sukhoy
Sirius;sirius_1;korm-sukhoy
Smart Dog;smart-dog;korm-sukhoy
Summit;summit;korm-sukhoy
Takk;takk_1;korm-sukhoy
Tasty;tasty_2;korm-sukhoy
Trainer;trainer_1;korm-sukhoy
Vivere;vivere;korm-sukhoy
Wildy;wildy_1;korm-sukhoy
Zillii;zillii_2;korm-sukhoy
Верные друзья;vernye-druzya;korm-sukhoy
Для Самых Преданных;dlya-samykh-predannykh_1;korm-sukhoy
Дог Ланч;dog-lanch_1;korm-sukhoy
Зоогурман;zoogurman_2;korm-sukhoy
Мираторг-Winner;miratorg-winner_1;korm-sukhoy
Наш рацион;nash-ratsion;korm-sukhoy
Наша марка;nasha-marka;korm-sukhoy
Оскар;oskar;korm-sukhoy
Прохвост;prokhvost_3;korm-sukhoy
Родные корма;rodnye-korma;korm-sukhoy
Терагав;teragav_1;korm-sukhoy
ТитБит;titbit_4;korm-sukhoy
Трапеза;trapeza;korm-sukhoy
Фаворит;favorit;korm-sukhoy
Флорида;florida_1;korm-sukhoy
Четвероногий гурман;chetveronogiy-gurman;korm-sukhoy
Эккорм;ekkorm;korm-sukhoy
Корм влажный;korm-vlazhnyy;tovary-i-korma-dlya-sobak
All Dogs;all-dogs_1;korm-vlazhnyy
Almo Nature;almo-nature;korm-vlazhnyy
HFC;hfc_1;almo-nature
Holistic;holistic_1;almo-nature
Classic;classic;almo-nature
Daily Menu;daily-menu;almo-nature
Animonda;animonda;korm-vlazhnyy
Arden Grange;arden-grange;korm-vlazhnyy
Barking Heads;barking-heads_1;korm-vlazhnyy
Belcando;belcando;korm-vlazhnyy
Berkley;berkley;korm-vlazhnyy
Big Dog;big-dog;korm-vlazhnyy
BioMenu;biomenu;korm-vlazhnyy
Blitz;blitz_2;korm-vlazhnyy
Bozita;bozita;korm-vlazhnyy
Brit;brit;korm-vlazhnyy
BrooksField;brooksfield_3;korm-vlazhnyy
Cesar;cesar;korm-vlazhnyy
Chappi;chappi;korm-vlazhnyy
Clan Family;clan-family;korm-vlazhnyy
Crave;crave_3;korm-vlazhnyy
Dogs Menu;dogs-menu;korm-vlazhnyy
Dr. Alder`s;dr-alder-s;korm-vlazhnyy
Edel Dog;edel-dog;korm-vlazhnyy
Eukanuba;eukanuba_3;korm-vlazhnyy
Farmina;farmina_2;korm-vlazhnyy
FeliCat;felicat_1;korm-vlazhnyy
Friskies;friskies_1;korm-vlazhnyy
GimDog;gimdog;korm-vlazhnyy
GO!;go_2;korm-vlazhnyy
Grand Prix;grand-prix_3;korm-vlazhnyy
Happy Dog;happy-dog;korm-vlazhnyy
Hill`s;hill-s;korm-vlazhnyy
Leo&Lucy;leo-lucy_2;korm-vlazhnyy
Molina;molina;korm-vlazhnyy
Morando;morando_2;korm-vlazhnyy
Natures Protection;natures-protection_1;korm-vlazhnyy
Nero Gold;nero-gold_2;korm-vlazhnyy
Nuh;nuh_1;korm-vlazhnyy
Nutro;nutro_2;korm-vlazhnyy
Organix;organix_3;korm-vlazhnyy
Pedigree;pedigree;korm-vlazhnyy
Prime;prime_1;korm-vlazhnyy
Pro Plan;pro-plan_1;korm-vlazhnyy
ProBalance;probalance_2;korm-vlazhnyy
ProLapa;prolapa_1;korm-vlazhnyy
Purina One;purina-one;korm-vlazhnyy
Royal Canin;royal-canin;korm-vlazhnyy
Savarra;savarra_2;korm-vlazhnyy
Schesir;schesir;korm-vlazhnyy
Solid Natura;solid-natura;korm-vlazhnyy
Stuzzy;stuzzy;korm-vlazhnyy
Trainer;trainer_2;korm-vlazhnyy
Vita Pro;vita-pro;korm-vlazhnyy
VitAnimals;vitanimals;korm-vlazhnyy
Winner;winner_3;korm-vlazhnyy
Верные друзья;vernye-druzya;korm-vlazhnyy
Деревенские лакомства;derevenskie-lakomstva;korm-vlazhnyy
Дог Ланч;dog-lanch;korm-vlazhnyy
ЕмБезПроблем;embezproblem;korm-vlazhnyy
Зоогурман;zoogurman;korm-vlazhnyy
МнЯмс;mnyams;korm-vlazhnyy
Натуральная Формула;naturalnaya-formula;korm-vlazhnyy
Наша марка;nasha-marka;korm-vlazhnyy
Оскар;oskar;korm-vlazhnyy
Погрызухин;pogryzukhin_1;korm-vlazhnyy
Прохвост;prokhvost_2;korm-vlazhnyy
Родные корма;rodnye-korma;korm-vlazhnyy
Собачье Счастье;sobache-schaste;korm-vlazhnyy
СпецМяс;spetsmyas;korm-vlazhnyy
Терра Пес;terra-pes;korm-vlazhnyy
ТитБит;titbit_3;korm-vlazhnyy
Трапеза;trapeza;korm-vlazhnyy
Четвероногий гурман;chetveronogiy-gurman;korm-vlazhnyy
Petibon;petibon_1;chetveronogiy-gurman
Готовый обед;gotovyy-obed;chetveronogiy-gurman
Золотая линия;zolotaya-liniya;chetveronogiy-gurman
Мясное ассорти;myasnoe-assorti;chetveronogiy-gurman
Мясной рацион;myasnoy-ratsion;chetveronogiy-gurman
Платиновая линия;platinovaya-liniya;chetveronogiy-gurman
Серебрянная линия;serebryannaya-liniya;chetveronogiy-gurman
Сосиски;sosiski;chetveronogiy-gurman
Экси;eksi;korm-vlazhnyy
Mr.Buffalo;mr-buffalo_3;korm-vlazhnyy
Корм лечебный;korm-lechebnyy;tovary-i-korma-dlya-sobak
Advance;advance_3;korm-lechebnyy
Brit;brit_3;korm-lechebnyy
Clan;clan_3;korm-lechebnyy
Farmina;farmina;korm-lechebnyy
Hill`s;hill-s;korm-lechebnyy
Акция Hills;aktsiya-hills_4;hill-s
Derm Complete;derm-complete;hill-s
Derm Defense;derm-defense;hill-s
Canine C/D;canine-c-d_1;hill-s
Canine D/D;canine-d-d_1;hill-s
Canine A/D;canine-a-d;hill-s
Canine I/D;canine-i-d_1;hill-s
Canine J/D;canine-j-d_1;hill-s
Canine K/D;canine-k-d_1;hill-s
Canine L/D;canine-l-d_1;hill-s
Canine S/D;canine-s-d_1;hill-s
Canine T/D;canine-t-d_1;hill-s
Canine U/D;canine-u-d_1;hill-s
Canine W/D;canine-w-d_1;hill-s
Canine Z/D;canine-z-d_1;hill-s
Metabolic;metabolic_2;hill-s
Gastrointestinal;gastrointestinal_1;hill-s
Purina;purina;korm-lechebnyy
Royal Canin;royal-canin;korm-lechebnyy
Winner;winner_5;korm-lechebnyy
Лакомства;lakomstva;tovary-i-korma-dlya-sobak
Pro Plan;pro-plan;lakomstva
AlpenHof;alpenhof;lakomstva
Blitz;blitz_1;lakomstva
Bosch;bosch;lakomstva
DentaLife;dentalife;lakomstva
Dr.Alder`s;dr-alder-s;lakomstva
Edel Dog;edel-dog;lakomstva
Friskies;friskies_3;lakomstva
Happy Dog;happy-dog;lakomstva
Organic Chew;organic-chew;lakomstva
Organix;organix;lakomstva
Orijen;orijen;lakomstva
Pedigree;pedigree;lakomstva
Royal Canin;royal-canin;lakomstva
TiTBiT;titbit;lakomstva
Мясо;myaso;titbit
DENT Снек;dent-snek;titbit
Рыба;ryba;titbit
Кролик;krolik;titbit
Разные;raznye_1;titbit
Утиные;utinye;titbit
Баранина;baranina;titbit
Говядина;govyadina;titbit
Индюшка;indyushka;titbit
Колбасы;kolbasy_1;titbit
Курица;kuritsa;titbit
Печенье;pechene_1;titbit
Свиные;svinye_1;titbit
Vitakraft;vitakraft;lakomstva
Wanpy Dog;wanpy-dog;lakomstva
Winner;winner;lakomstva
Грин Кьюзин;grin-kyuzin_1;lakomstva
Деревенcкие лакомства;derevenckie-lakomstva;lakomstva
Зубочистики;zubochistiki;lakomstva
Мнямс;mnyams;lakomstva
Погрызухин;pogryzukhin;lakomstva
Родные корма;rodnye-korma_2;lakomstva
Аксессуары;aksessuary;tovary-i-korma-dlya-sobak
Хранение корма;khranenie-korma;aksessuary
Адресник;adresnik;aksessuary
Аксессуары для автомобилей;aksessuary-dlya-avtomobiley;aksessuary
Брелок мигающий;brelok-migayushchiy;aksessuary
Защитный воротник;zashchitnyy-vorotnik;aksessuary
Клетка выставочная;kletka-vystavochnaya;aksessuary
Кликер;kliker;aksessuary
Кормуши/поилки;kormushi-poilki;aksessuary
Лежанки;lezhanki;aksessuary
Fauna;fauna_1;lezhanki
Дарэлл;darell_3;lezhanki
Родные места;rodnye-mesta;lezhanki
GiGwi;gigwi;lezhanki
Trixie;trixie;lezhanki
Бобровый дворик;bobrovyy-dvorik;lezhanki
Миски;miski;aksessuary
Nobby;nobby;miski
ANKUR;ankur;miski
Ferplast;ferplast;miski
Georplast;georplast;miski
GiGwi;gigwi;miski
Savic;savic;miski
TRIOL;triol;miski
Trixie;trixie;miski
USOND;usond;miski
Коврик под миску;kovrik-pod-misku;miski
Намордники;namordniki;aksessuary
Обувь;obuv;aksessuary
Ошейники;osheyniki;aksessuary
Мигающие;migayushchie;osheyniki
Ошейники;osheyniki;osheyniki
Светоотражающие;svetootrazhayushchie;osheyniki
Переноски и сумки;perenoski-i-sumki;aksessuary
Переноски;perenoski;perenoski-i-sumki
Сумки;sumki;perenoski-i-sumki
Поводки;povodki;aksessuary
Ринговки;ringovki;aksessuary
Рулетки;ruletki;aksessuary
Fida;fida;ruletki
Flexi Classic;flexi-classic;ruletki
Flexi Design;flexi-design;ruletki
Flexi Gigant;flexi-gigant;ruletki
Disney;disney;ruletki
Flexi Vario;flexi-vario;ruletki
Свисток;svistok;aksessuary
Витамины;vitaminy_;tovary-i-korma-dlya-sobak
8 in 1;8-in-1;vitaminy_
Anivital;anivital;vitaminy_
Beaphar;beaphar;vitaminy_
Gelacan;gelacan;vitaminy_
Hokamix;hokamix;vitaminy_
POLIDEX;polidex;vitaminy_
Sanal;sanal;vitaminy_
АВЗ;avz;vitaminy_
Доктор Zoo;doktor-zoo;vitaminy_
Игрушки;igrushki;tovary-i-korma-dlya-sobak
Тяни-Толкай;tyani-tolkay;igrushki
Животные;zhivotnye;igrushki
Disney;disney;igrushki
Fauna - разное;fauna-raznoe;igrushki
Gigwi- разное;gigwi-raznoe;igrushki
NOBBY - разное;nobby-raznoe;igrushki
Trixie-разное;trixie-raznoe;igrushki
Аппорт;apport;igrushki
Веревки;verevki;igrushki
Гантели;ganteli;igrushki
Грейфер;greyfer;igrushki
Диск;disk;igrushki
Кольца;koltsa;igrushki
Кости;kosti;igrushki
Мячи для собак;myachi-dlya-sobak;igrushki
Мон Теро Эко;mon-tero-eko_1;igrushki
Косточки;kostochki;tovary-i-korma-dlya-sobak
TiTBiT;titbit_1;kostochki
TRIOL;triol;kostochki
Зубочистики;zubochistiki;kostochki
Предметы гигиены;predmety-gigieny;tovary-i-korma-dlya-sobak
Пеленки;pelenki;predmety-gigieny
Подгузники;podguzniki;predmety-gigieny
Туалеты;tualety;predmety-gigieny
Предметы по уходу;predmety-po-ukhodu;tovary-i-korma-dlya-sobak
Гигиенические пакеты для уборки;gigienicheskie-pakety-dlya-uborki;predmety-po-ukhodu
Для щенков;dlya-shchenkov;predmety-po-ukhodu
Зубные щетки;zubnye-shchetki;predmety-po-ukhodu
Колтунорез;koltunorez;predmety-po-ukhodu
Кусачки;kusachki;predmety-po-ukhodu
Лапомойки;lapomoyki;predmety-po-ukhodu
Машинки для стрижки;mashinki-dlya-strizhki;predmety-po-ukhodu
Ножницы;nozhnitsy;predmety-po-ukhodu
Пуходерки;pukhoderki;predmety-po-ukhodu
Расчески;rascheski;predmety-po-ukhodu
Рукавицы;rukavitsy;predmety-po-ukhodu
Скребница;skrebnitsa;predmety-po-ukhodu
Триминг;triming;predmety-po-ukhodu
Триммер;trimmer;predmety-po-ukhodu
Щетки;shchetki;predmety-po-ukhodu
Средства от паразитов;sredstva-ot-parazitov;tovary-i-korma-dlya-sobak
Брелок;brelok;sredstva-ot-parazitov
Ошейники;osheyniki;sredstva-ot-parazitov
Спреи;sprei;sredstva-ot-parazitov
Удалитель клещей;udalitel-kleshchey;sredstva-ot-parazitov
Средства по уходу;sredstva-po-ukhodu;tovary-i-korma-dlya-sobak
Защита от кобелей;zashchita-ot-kobeley;sredstva-po-ukhodu
дезинфицирующие;dezinfitsiruyushchie;sredstva-po-ukhodu
Для глаз;dlya-glaz;sredstva-po-ukhodu
Для лап;dlya-lap;sredstva-po-ukhodu
Для полости рта;dlya-polosti-rta;sredstva-po-ukhodu
Для ушей;dlya-ushey;sredstva-po-ukhodu
Корректоры поведения;korrektory-povedeniya;sredstva-po-ukhodu
Салфетки;salfetki;sredstva-po-ukhodu
Спрей для шерсти;sprey-dlya-shersti;sredstva-po-ukhodu
Шампунь;shampun;sredstva-po-ukhodu
Animal Play;animal-play;shampun
8in1;8in1_1;shampun
Beaphar;beaphar_5;shampun
Mr.Bruno;mr-bruno_2;shampun
Tropiclean;tropiclean_1;shampun
Доктор Zoo;doktor-zoo_3;shampun
Разные;raznye_4;shampun
Корм сухой;korm-sukhoy;tovary-i-korma-dlya-koshek
1st Choice;1st-choice;korm-sukhoy
Ajo;ajo;korm-sukhoy
All Cats;all-cats_1;korm-sukhoy
Alleva;alleva;korm-sukhoy
Almo Nature;almo-nature;korm-sukhoy
Alphapet;alphapet;korm-sukhoy
Arden Grange;arden-grange;korm-sukhoy
Best Dinner;best-dinner_1;korm-sukhoy
Bewi Cat;bewi-cat;korm-sukhoy
Blitz;blitz;korm-sukhoy
Bon Appetit;bon-appetit_1;korm-sukhoy
Bosch Sanabelle;bosch-sanabelle;korm-sukhoy
Взрослые;vzroslye;bosch-sanabelle
Котята;kotyata;bosch-sanabelle
Пожилые;pozhilye;bosch-sanabelle
Bozita;bozita;korm-sukhoy
Brit;brit;korm-sukhoy
BrooksField;brooksfield;korm-sukhoy
Canagan;canagan_1;korm-sukhoy
Cat Chow Purina;cat-chow-purina-;korm-sukhoy
Акция Cat Chow;aktsiya-cat-chow;cat-chow-purina-
Cats Menu;cats-menu_1;korm-sukhoy
Clan;clan_2;korm-sukhoy
Crave;crave;korm-sukhoy
Crockex;crockex_1;korm-sukhoy
Elato;elato;korm-sukhoy
Eukanuba;eukanuba_1;korm-sukhoy
Farmina;farmina;korm-sukhoy
С Киноа;s-kinoa;farmina
С Тыквой;s-tykvoy_1;farmina
Беззерновой;bezzernovoy;farmina
Низкозерновой;nizkozernovoy;farmina
Fan;fan;farmina
Felix;felix;korm-sukhoy
Fitmin;fitmin;korm-sukhoy
Friskies;friskies;korm-sukhoy
Gina;gina;korm-sukhoy
Glance;glance_1;korm-sukhoy
GO!;go;korm-sukhoy
Golden Eagle;golden-eagle;korm-sukhoy
Grand Prix;grand-prix_1;korm-sukhoy
Happy Cat;happy-cat;korm-sukhoy
Hills;hills;korm-sukhoy
Взрослые;vzroslye;hills
Для выведения шерсти;dlya-vyvedeniya-shersti;hills
Для кастрированных;dlya-kastrirovannykh;hills
Для полных кошек;dlya-polnykh-koshek;hills
Для полости рта;dlya-polosti-rta;hills
Котята;kotyata;hills
Пожилые;pozhilye;hills
С чувств. желудком и кожей;s-chuvstv-zheludkom-i-kozhey;hills
Karmy;karmy;korm-sukhoy
KiteKat;kitekat;korm-sukhoy
Leo&Lucy;leo-lucy_1;korm-sukhoy
Leonardo;leonardo;korm-sukhoy
Matisse;matisse;korm-sukhoy
Meglium;meglium;korm-sukhoy
Meowing Heads;meowing-heads;korm-sukhoy
Morando;morando_1;korm-sukhoy
Mr.Buffalo;mr-buffalo;korm-sukhoy
Natural Greatness;natural-greatness;korm-sukhoy
Nature`s Table;nature-s-table_1;korm-sukhoy
Nature’s Protection;nature-s-protection;korm-sukhoy
Nero Gold;nero-gold;korm-sukhoy
Now;now;korm-sukhoy
Nutram;nutram;korm-sukhoy
Nutro;nutro_1;korm-sukhoy
Onto;onto_1;korm-sukhoy
Organix;organix_2;korm-sukhoy
Orijen;orijen;korm-sukhoy
Perfect Fit;perfect-fit;korm-sukhoy
Primordial;primordial;korm-sukhoy
Pro Plan;pro-plan;korm-sukhoy
Взрослые;vzroslye;pro-plan
Котята;kotyata;pro-plan
Пожилые;pozhilye;pro-plan
ProBalance;probalance;korm-sukhoy
Pronature;pronature;korm-sukhoy
Puffins;puffins;korm-sukhoy
Purina One;purina-one_2;korm-sukhoy
Royal Canin;royal-canin;korm-sukhoy
Взрослые;vzroslye;royal-canin
Для различных пород;dlya-razlichnykh-porod;royal-canin
Котята;kotyata;royal-canin
Пожилые;pozhilye;royal-canin
Стерилизованные;sterilizovannye;royal-canin
Savarra;savarra;korm-sukhoy
Schesir;schesir;korm-sukhoy
Sirius;sirius;korm-sukhoy
Summit;summit;korm-sukhoy
Takk;takk;korm-sukhoy
Tasty;tasty_1;korm-sukhoy
Trainer;trainer;korm-sukhoy
Whiskas;whiskas;korm-sukhoy
Wildy;wildy;korm-sukhoy
Zillii;zillii_1;korm-sukhoy
Для Самых Преданных;dlya-samykh-predannykh;korm-sukhoy
Зоогурман;zoogurman_1;korm-sukhoy
Мираторг-Winner;miratorg-winner;korm-sukhoy
Мон Ами;mon-ami;korm-sukhoy
Наш рацион;nash-ratsion;korm-sukhoy
Наша марка;nasha-marka;korm-sukhoy
Ночной охотник;nochnoy-okhotnik;korm-sukhoy
Оскар;oskar;korm-sukhoy
Прохвост;prokhvost;korm-sukhoy
Родные корма;rodnye-korma_1;korm-sukhoy
Стаут;staut;korm-sukhoy
Терагав;teragav;korm-sukhoy
ТитБит;titbit_2;korm-sukhoy
Фаворит;favorit;korm-sukhoy
Флорида;florida;korm-sukhoy
Четвероногий гурман;chetveronogiy-gurman_1;korm-sukhoy
Корм влажный;korm-vlazhnyy;tovary-i-korma-dlya-koshek
1st Choice;1st-choice_1;korm-vlazhnyy
All Cats;all-cats;korm-vlazhnyy
Almo Nature;almo-nature;korm-vlazhnyy
Alternative;alternative;almo-nature
Complete;complete;almo-nature
HFC;hfc;almo-nature
Holistic;holistic;almo-nature
Classic;classic;almo-nature
Daily Menu;daily-menu;almo-nature
Legend;legend;almo-nature
Rouge Lebel;rouge-lebel;almo-nature
Raw Pack;raw-pack;almo-nature
Наборы;nabory;almo-nature
Animonda;animonda;korm-vlazhnyy
Integra;integra;animonda
Carny;carny;animonda
RAFINE;rafine;animonda
VOM FEINSTEN;vom-feinsten;animonda
Apetino;apetino;korm-vlazhnyy
Berkley;berkley;korm-vlazhnyy
Best Dinner;best-dinner;korm-vlazhnyy
BioMenu;biomenu;korm-vlazhnyy
Blitz;blitz_3;korm-vlazhnyy
Bozita;bozita;korm-vlazhnyy
Brit;brit;korm-vlazhnyy
BrooksField;brooksfield_2;korm-vlazhnyy
Buffet;buffet;korm-vlazhnyy
Cat Chow;cat-chow;korm-vlazhnyy
Cat Lunch;cat-lunch;korm-vlazhnyy
Cats Menu;cats-menu;korm-vlazhnyy
Clan;clan;korm-vlazhnyy
Clan Family;clan-family;korm-vlazhnyy
Craft Farm;craft-farm;korm-vlazhnyy
Crave;crave_2;korm-vlazhnyy
Dr. Clauder`s;dr-clauder-s;korm-vlazhnyy
Dr.Alder`s;dr-alder-s;korm-vlazhnyy
Edel Cat;edel-cat;korm-vlazhnyy
Eukanuba;eukanuba_2;korm-vlazhnyy
Farmina;farmina_1;korm-vlazhnyy
FeliCat;felicat;korm-vlazhnyy
Felix;felix;korm-vlazhnyy
Friskies;friskies;korm-vlazhnyy
Gimcat;gimcat;korm-vlazhnyy
Gina;gina;korm-vlazhnyy
GO!;go_1;korm-vlazhnyy
Gourmet;gourmet;korm-vlazhnyy
Нат.рецепты;nat-retsepty_1;gourmet
A la Carte;a-la-carte;gourmet
Gold;gold;gourmet
Mon Petit;mon-petit;gourmet
Perle;perle;gourmet
Grand Prix;grand-prix_2;korm-vlazhnyy
Happy Cat;happy-cat;korm-vlazhnyy
Herbax;herbax;korm-vlazhnyy
Hill`s;hill-s;korm-vlazhnyy
Взрослые;vzroslye;hill-s
Котята;kotyata;hill-s
Пожилые;pozhilye;hill-s
Karmy;karmy_2;korm-vlazhnyy
KiteKat;kitekat;korm-vlazhnyy
Leo&Lucy;leo-lucy;korm-vlazhnyy
Leonardo;leonardo;korm-vlazhnyy
Matisse;matisse_1;korm-vlazhnyy
Me-O;me-o;korm-vlazhnyy
Meowing Heads;meowing-heads_1;korm-vlazhnyy
Mi-Мi;mi-mi;korm-vlazhnyy
Mjau;mjau;korm-vlazhnyy
Molina;molina;korm-vlazhnyy
Morando;morando;korm-vlazhnyy
Nature Gold;nature-gold;korm-vlazhnyy
Nature`s Table;nature-s-table;korm-vlazhnyy
Natures Protection;natures-protection;korm-vlazhnyy
Nuh;nuh;korm-vlazhnyy
Nutro;nutro;korm-vlazhnyy
Onto;onto;korm-vlazhnyy
Organix;organix_1;korm-vlazhnyy
Perfect Fit;perfect-fit;korm-vlazhnyy
Petreet;petreet;korm-vlazhnyy
NATURA куриные грудки;natura-kurinye-grudki;petreet
NATURA розовый тунец;natura-rozovyy-tunets;petreet
PreVital;prevital;korm-vlazhnyy
Prime;prime;korm-vlazhnyy
Pro Plan;pro-plan;korm-vlazhnyy
ProBalance;probalance;korm-vlazhnyy
ProLapa;prolapa;korm-vlazhnyy
Puffins;puffins;korm-vlazhnyy
Purina One;purina-one_3;korm-vlazhnyy
Royal Canin;royal-canin;korm-vlazhnyy
Schesir;schesir;korm-vlazhnyy
Баночки;banochki;schesir
Паучи;pauchi;schesir
Bio;bio;schesir
Sheba;sheba;korm-vlazhnyy
Solid Natura;solid-natura;korm-vlazhnyy
Stuzzy;stuzzy;korm-vlazhnyy
Tasty;tasty;korm-vlazhnyy
Vita Pro;vita-pro;korm-vlazhnyy
Vitakraft;vitakraft;korm-vlazhnyy
VitAnimals;vitanimals;korm-vlazhnyy
Whiskas;whiskas;korm-vlazhnyy
Взрослые;vzroslye;whiskas
Котята;kotyata;whiskas
Пожилые;pozhilye;whiskas
Zillii;zillii;korm-vlazhnyy
Амурр;amurr;korm-vlazhnyy
Деревенские лакомства;derevenskie-lakomstva_1;korm-vlazhnyy
ЕмБезПроблем;embezproblem;korm-vlazhnyy
Зоогурман;zoogurman;korm-vlazhnyy
Мираторг;miratorg;korm-vlazhnyy
МнЯмс;mnyams;korm-vlazhnyy
МонАми;monami;korm-vlazhnyy
Наша марка;nasha-marka;korm-vlazhnyy
Ночной охотник;nochnoy-okhotnik;korm-vlazhnyy
Прохвост;prokhvost_1;korm-vlazhnyy
Родные корма;rodnye-korma;korm-vlazhnyy
Стаут;staut;korm-vlazhnyy
Терра Кот;terra-kot;korm-vlazhnyy
Четвероногий гурман;chetveronogiy-gurman;korm-vlazhnyy
Petibon;petibon;chetveronogiy-gurman
Суфле;sufle;chetveronogiy-gurman
Золотая линия;zolotaya-liniya;chetveronogiy-gurman
Мясное ассорти;myasnoe-assorti;chetveronogiy-gurman
Паштет;pashtet;chetveronogiy-gurman
Mr.Buffalo;mr-buffalo_2;korm-vlazhnyy
Корм лечебный;korm-lechebnyy;tovary-i-korma-dlya-koshek
Advance;advance_2;korm-lechebnyy
Brit;brit_2;korm-lechebnyy
Clan;clan_1;korm-lechebnyy
Farmina;farmina;korm-lechebnyy
Hill`s;hill-s;korm-lechebnyy
Gastrointestinal;gastrointestinal;hill-s
Акция Hills;aktsiya-hills_3;hill-s
Feline A/D;feline-a-d;hill-s
Feline C/D;feline-c-d;hill-s
Feline I/D;feline-i-d;hill-s
Feline J/D;feline-j-d;hill-s
Feline K/D;feline-k-d;hill-s
Feline L/D;feline-l-d;hill-s
Feline M/D;feline-m-d;hill-s
Feline S/D;feline-s-d;hill-s
Feline T/D;feline-t-d;hill-s
Feline W/D;feline-w-d;hill-s
Feline Y/D;feline-y-d;hill-s
Feline Z/D;feline-z-d;hill-s
Metabolic;metabolic;hill-s
Purina;purina;korm-lechebnyy
Royal Canin;royal-canin;korm-lechebnyy
Solid Natura;solid-natura_1;korm-lechebnyy
Мираторг;miratorg_1;korm-lechebnyy
Наполнитель;napolnitel;tovary-i-korma-dlya-koshek
AK Cat;ak-cat;napolnitel
Cat Step;cat-step;napolnitel
Cat's White;cat-s-white;napolnitel
Cats Best;cats-best;napolnitel
Eco-premium;eco-premium;napolnitel
Eko Cat`s;eko-cat-s;napolnitel
Eliott;eliott;napolnitel
Ever Clean;ever-clean;napolnitel
Fresh Step;fresh-step;napolnitel
Hakase Arekkusu;hakase-arekkusu;napolnitel
Homecat;homecat;napolnitel
Kungfu Cat;kungfu-cat;napolnitel
Little Friends;little-friends;napolnitel
Mr.Fresh;mr-fresh;napolnitel
Naturalist;naturalist;napolnitel
№1;1;napolnitel
Pi-Pi-Bent;pi-pi-bent;napolnitel
Van Cat;van-cat;napolnitel
Барсик;barsik;napolnitel
Виталайн;vitalayn;napolnitel
Деревяшка;derevyashka;napolnitel
Для Самых Преданных;dlya-samykh-predannykh_2;napolnitel
Зверьё Моё;zverye-moye;napolnitel
Зооник;zoonik;napolnitel
Котяра;kotyara;napolnitel
Кузя;kuzya;napolnitel
Мурзик;murzik;napolnitel
Найси;naysi;napolnitel
Пусси-кет;pussi-ket;napolnitel
Си Си Кэт;si-si-ket;napolnitel
Сибирская кошка;sibirskaya-koshka;napolnitel
Снежок;snezhok;napolnitel
Счастливые лапки;schastlivye-lapki;napolnitel
Чистые Лапки;chistye-lapki;napolnitel
Лакомства;lakomstva;tovary-i-korma-dlya-koshek
Sheba;sheba_1;lakomstva
Родные корма;rodnye-korma_3;lakomstva
AlpenHof;alpenhof_1;lakomstva
Beaphar;beaphar;lakomstva
Bosch;bosch;lakomstva
Dreamies;dreamies;lakomstva
Edel Cat;edel-cat;lakomstva
Felix;felix;lakomstva
Happy Cat;happy-cat;lakomstva
TiTBiT;titbit;lakomstva
Vitakraft;vitakraft;lakomstva
Грин Кьюзин;grin-kyuzin;lakomstva
Деревенские лакомства;derevenskie-lakomstva;lakomstva
Кошачья мята;koshachya-myata;lakomstva
Мнямс;mnyams;lakomstva
Травка;travka;lakomstva
;avtokormushki;tovary-i-korma-dlya-koshek
Аксессуары;aksessuary;tovary-i-korma-dlya-koshek
Антицарапки;antitsarapki;aksessuary
Адресник;adresnik;aksessuary
Бубенчики;bubenchiki;aksessuary
Ошейники;osheyniki;aksessuary
Витамины;vitaminy;tovary-i-korma-dlya-koshek
Beaphar;beaphar;vitaminy
CEVA;ceva;vitaminy
Gimpet;gimpet;vitaminy
Polidex;polidex;vitaminy
Sanal;sanal;vitaminy
АВЗ;avz;vitaminy
Доктор Zoo;doktor-zoo;vitaminy
Трава;trava;vitaminy
Домики;domiki;tovary-i-korma-dlya-koshek
Fauna;fauna;domiki
Trixie;trixie;domiki
Дарелл;darell;domiki
Зооник;zoonik;domiki
Игрушки;igrushki;tovary-i-korma-dlya-koshek
Дразнилки;draznilki;igrushki
Мон Теро Эко;mon-tero-eko;igrushki
Мышки;myshki;igrushki
Мячи;myachi;igrushki
Разные;raznye;igrushki
Когтеточки;kogtetochki;tovary-i-korma-dlya-koshek
Fauna;fauna;kogtetochki
Homecat;homecat_1;kogtetochki
Trixie;trixie;kogtetochki
Зооник;zoonik;kogtetochki
Разные;raznye;kogtetochki
Лежанки;lezhanki;tovary-i-korma-dlya-koshek
GiGwi;gigwi_1;lezhanki
Родные места;rodnye-mesta_1;lezhanki
Миски;miski;tovary-i-korma-dlya-koshek
Миски;miski_1;miski
Коврик под миску;kovrik-pod-misku_1;miski
;perenoski;tovary-i-korma-dlya-koshek
Предметы по уходу;predmety-po-ukhodu;tovary-i-korma-dlya-koshek
Пуходерка;pukhoderka;predmety-po-ukhodu
Колтунорез;koltunorez;predmety-po-ukhodu
Средства от паразитов;sredstva-ot-parazitov;tovary-i-korma-dlya-koshek
Ошейники;osheyniki;sredstva-ot-parazitov
Средства по уходу;sredstva-po-ukhodu;tovary-i-korma-dlya-koshek
Дезинфицирующие;dezinfitsiruyushchie;sredstva-po-ukhodu
Для выведения шерсти;dlya-vyvedeniya-shersti;sredstva-po-ukhodu
Для ушей и глаз;dlya-ushey-i-glaz;sredstva-po-ukhodu
Корректоры поведения;korrektory-povedeniya;sredstva-po-ukhodu
Спрей для шерсти;sprey-dlya-shersti;sredstva-po-ukhodu
Шампунь;shampun;sredstva-po-ukhodu
Beaphar;beaphar;shampun
Ms.Kiss;ms-kiss;shampun
ДокторZOO;doktorzoo;shampun
Разные;raznye;shampun
;tonel;tovary-i-korma-dlya-koshek
Туалеты, совки;tualety-sovki;tovary-i-korma-dlya-koshek
Пакеты для лотка;pakety-dlya-lotka;tualety-sovki
Коврики;kovriki;tualety-sovki
Приучатель к унитазу;priuchatel-k-unitazu;tualety-sovki
Совки для туалета;sovki-dlya-tualeta;tualety-sovki
Туалеты домики;tualety-domiki;tualety-sovki
Туалеты лотки;tualety-lotki;tualety-sovki
;shleyki;tovary-i-korma-dlya-koshek
;podveski;tovary-i-korma-dlya-ptits
;vitaminy;tovary-i-korma-dlya-ptits
;gnezdo;tovary-i-korma-dlya-ptits
;zherdochki;tovary-i-korma-dlya-ptits
;zerkala;tovary-i-korma-dlya-ptits
Игрушки;igrushki;tovary-i-korma-dlya-ptits
Penn-Plax;penn-plax;igrushki
Trixie;trixie;igrushki
;kacheli;tovary-i-korma-dlya-ptits
Клетки;kletki;tovary-i-korma-dlya-ptits
Дарэлл;darell_1;kletki
Triol;triol_1;kletki
Ferplast;ferplast;kletki
Inter Zoo;inter-zoo;kletki
Kredo;kredo;kletki
Корм;korm;tovary-i-korma-dlya-ptits
Для волнистых попугаев;dlya-volnistykh-popugaev;korm
Для канареек;dlya-kanareek;korm
Для крупных попугаев;dlya-krupnykh-popugaev;korm
Для разных видов птиц;dlya-raznykh-vidov-ptits;korm
Для средних попугаев;dlya-srednikh-popugaev;korm
Для экзотических птиц;dlya-ekzoticheskikh-ptits;korm
;kormushki;tovary-i-korma-dlya-ptits
;kupalki;tovary-i-korma-dlya-ptits
;lakomstva;tovary-i-korma-dlya-ptits
;lestnitsy;tovary-i-korma-dlya-ptits
;perenoski;tovary-i-korma-dlya-ptits
;pesok-kamni;tovary-i-korma-dlya-ptits
;podkormki;tovary-i-korma-dlya-ptits
;poilki;tovary-i-korma-dlya-ptits
;vitaminy;tovary-i-korma-dlya-gryzunov
;kogterez;tovary-i-korma-dlya-gryzunov
;gamak-tonnel;tovary-i-korma-dlya-gryzunov
;domiki;tovary-i-korma-dlya-gryzunov
;igrushki;tovary-i-korma-dlya-gryzunov
;raschestki;tovary-i-korma-dlya-gryzunov
Клетки;kletki;tovary-i-korma-dlya-gryzunov
Вака;vaka;kletki
Дарэлл;darell_2;kletki
Ferplast;ferplast;kletki
Inter Zoo;inter-zoo;kletki
Kredo;kredo;kletki
N1;n1;kletki
Savic;savic;kletki
;kolesa;tovary-i-korma-dlya-gryzunov
Корм;korm;tovary-i-korma-dlya-gryzunov
Для всех грызунов;dlya-vsekh-gryzunov;korm
Для кроликов;dlya-krolikov;korm
Для морских свинок;dlya-morskikh-svinok;korm
Для хомяков,крыс,мышей;dlya-khomyakov-krys-myshey;korm
Для шиншил, дегу;dlya-shinshil-degu;korm
Сено, трава;seno-trava;korm
Универсальный;universalnyy;korm
;kormushki;tovary-i-korma-dlya-gryzunov
;kupalki;tovary-i-korma-dlya-gryzunov
Лакомства;lakomstva_;tovary-i-korma-dlya-gryzunov
Happy Jungle;happy-jungle;lakomstva_
Little One;little-one;lakomstva_
Padovan;padovan;lakomstva_
Vitakraft;vitakraft;lakomstva_
Родные корма;rodnye-korma;lakomstva_
;miski;tovary-i-korma-dlya-gryzunov
;napolniteli;tovary-i-korma-dlya-gryzunov
;perenoski;tovary-i-korma-dlya-gryzunov
;podkormki_;tovary-i-korma-dlya-gryzunov
;poilki;tovary-i-korma-dlya-gryzunov
;sredstva-po-ukhodu;tovary-i-korma-dlya-gryzunov
;tualet;tovary-i-korma-dlya-gryzunov
;shleyki;tovary-i-korma-dlya-gryzunov
Аксессуары;aksessuary;tovary-i-korma-dlya-ryb
Гроты;groty;aksessuary
Грунты;grunty;aksessuary
Кормушки;kormushki;aksessuary
Отсадник;otsadnik;aksessuary
Сачки;sachki;aksessuary
Стеклоочистители;stekloochistiteli;aksessuary
Термометры;termometry;aksessuary
Корм Sera;korm-sera;tovary-i-korma-dlya-ryb
Spirulina;spirulina;korm-sera
Bettagran;bettagran;korm-sera
Goldy;goldy;korm-sera
Holliday;holliday;korm-sera
Vipachips;vipachips;korm-sera
Корм Tetra;korm-tetra;tovary-i-korma-dlya-ryb
Cichlid;cichlid;korm-tetra
Diskus;diskus;korm-tetra
Gold Fish;gold-fish;korm-tetra
Guppy;guppy;korm-tetra
Menu;menu;korm-tetra
Min;min;korm-tetra
Phyll;phyll;korm-tetra
Pleco;pleco;korm-tetra
Pro;pro;korm-tetra
Rubin;rubin;korm-tetra
TabiMin;tabimin;korm-tetra
WaferMix;wafermix;korm-tetra
;korma-raznye;tovary-i-korma-dlya-ryb
Оборудование;oborudovanie;tovary-i-korma-dlya-ryb
Компрессоры и аксессуары;kompressory-i-aksessuary;oborudovanie
Помпы- фильтры;pompy-filtry;oborudovanie
Пылесосы;pylesosy;oborudovanie
Распылители;raspyliteli;oborudovanie
Термонагреватели;termonagrevateli;oborudovanie
Уход за водой;ukhod-za-vodoy;tovary-i-korma-dlya-ryb
Кондиционеры;konditsionery;ukhod-za-vodoy
Ср-во для подготовки;sr-vo-dlya-podgotovki;ukhod-za-vodoy
;ukhod-za-rasteniyami;tovary-i-korma-dlya-ryb
;ukhod-za-rybami;tovary-i-korma-dlya-ryb
;korm;tovary-i-korma-dlya-reptiliy
;sredstva-po-ukhodu;tovary-i-korma-dlya-reptiliy
;terrariumy_;tovary-i-korma-dlya-reptiliy
;aksessuary;tovary-i-korma-dlya-khorkov
;kletki;tovary-i-korma-dlya-khorkov
;korm;tovary-i-korma-dlya-khorkov
;shampuni;tovary-i-korma-dlya-khorkov
